map_id,algorithm,n,surv_mean,surv_std,surv_min,surv_max,clear_n,clear_mean,clear_std,clear_min,clear_max,dead_mean,trapped_mean,mean_evac_mean,vol_waits_mean,cong_waits_mean,replans_mean,expanded_mean,search_rt_mean,total_rt_mean
map1,astar,200,0.48983333333333334,0.315668558600455,0.0,1.0,197,48.83756345177665,29.054543668225396,9.0,102.0,0.6,14.705,27.034831288791604,0.57,4.305,695.295,108007.41,1.1637380509027662,1.2107009153598938
map1,bfs,200,0.4903333333333333,0.3156578668256011,0.0,1.0,197,47.558375634517766,28.022704598163866,9.0,97.0,0.69,14.6,26.353003127671826,0.57,4.105,679.42,131902.0,0.8411691158177927,0.885019080864904
map1,ga,200,0.1843333333333333,0.09982818573262095,0.0,0.4666666666666667,193,84.68911917098445,58.13684709730869,7.0,198.0,5.665,18.805,38.32357438186453,322.19,4.41,1342.68,0.0,145.81407445987526,145.98889064785507
map1,greedy,200,0.48383333333333334,0.3201731736281338,0.0,1.0,197,51.08629441624365,30.170205240239785,9.0,103.0,0.54,14.945,28.794634304832936,0.57,3.48,730.215,60434.155,0.7044318839065727,0.7512778491000699
map1,ucs,200,0.4886666666666667,0.31639356644674194,0.0,1.0,197,49.07106598984772,29.35093155468196,9.0,102.0,0.66,14.68,27.09213753126386,0.57,4.22,697.08,142088.885,1.4629000438051663,1.5116750086500452
map2,astar,200,0.8418333333333333,0.25219034918533706,0.0333333333333333,1.0,200,35.905,7.9841076520798495,8.0,52.0,1.24,3.505,21.790822180355917,0.07,52.17,694.945,39206.255,0.4371526719586655,0.4795748844351692
map2,bfs,200,0.8501666666666666,0.2487523869232213,0.0333333333333333,1.0,200,34.76,7.289883400987974,8.0,45.0,1.245,3.25,21.67128333719736,0.07,77.4,689.215,90282.22,0.6052327802279069,0.6489088084499963
map2,ga,200,0.5461666666666666,0.2828952986530529,0.0,0.9666666666666668,197,57.868020304568525,28.058366336291154,7.0,125.0,3.0,10.615,30.49036985546974,207.78,8.595,1063.88,0.0,96.12177723138666,96.24467489989983
map2,greedy,200,0.8321666666666667,0.26122313790661383,0.0333333333333333,1.0,200,36.17,8.459970449120966,8.0,58.0,1.42,3.615,22.162524293913776,0.07,56.245,707.32,11295.445,0.15157800096756543,0.19300491131505623
map2,ucs,200,0.8406666666666668,0.2533149116109126,0.0333333333333333,1.0,200,36.055,8.192189878170549,8.0,52.0,1.29,3.49,21.782494894296377,0.07,50.35,694.81,125540.07,1.2925469190884178,1.340822130505021
map3,astar,200,0.8511666666666667,0.23687496701846736,0.0333333333333333,1.0,200,32.965,6.764892829897604,9.0,39.0,2.41,2.055,20.42155073110176,0.0,77.275,646.125,27959.385,0.3410824447132472,0.380496195260057
map3,bfs,200,0.8519999999999999,0.23647034110480372,0.0333333333333333,1.0,200,32.91,6.736608939221572,9.0,40.0,2.35,2.09,20.390081650953906,0.0,97.27,645.84,86731.625,0.5760746116301197,0.6184425746400121
map3,ga,200,0.7993333333333333,0.2774278685031881,0.0,1.0,199,35.14572864321608,9.203662661061998,7.0,61.0,2.535,3.485,21.246023321068492,52.305,61.15,692.11,0.0,28.78827464027523,28.858601795055
map3,greedy,200,0.851,0.236288665266308,0.0333333333333333,1.0,200,32.88,6.734656635642236,9.0,40.0,2.505,1.965,20.37431052784949,0.0,96.99,644.475,7612.8,0.1050147840181307,0.1428617058397867
map3,ucs,200,0.8504999999999999,0.23753309710906023,0.0333333333333333,1.0,200,33.02,6.803646081330216,9.0,41.0,2.35,2.135,20.41567858887617,0.0,74.07,647.02,123725.925,1.3867318521501146,1.4331514189948211
